term,edf,ref.df,statistic,p.value
s(sd_gapsize),2.837153276453551,9,6.123951522856353,0
"s(X,Y)",3.9167788790895475e-5,29,6.637814790344753e-7,0.6581030645107167
