term,df,sumsq,meansq,statistic,p.value
Soil_f,1,0.13244402573862946,0.13244402573862946,62.48648199649662,4.086520303012481e-10
Soil_f:Treatment_f,2,0.07544286159961412,0.03772143079980706,17.796797503013053,1.8851267347745038e-6
Residuals,46,0.09749989100552234,0.002119562847946138,NA,NA
