term,df,sumsq,meansq,statistic,p.value
Soil_f,1,50.50016711313049,50.50016711313049,34.89052951860795,3.993446517124117e-7
Soil_f:Treatment_f,2,7.103663861934308,3.551831930967154,2.453958153344845,0.09713320865658635
Residuals,46,66.57989200092499,1.4473889565418474,NA,NA
