term,df,sumsq,meansq,statistic,p.value
Soil_f,1,2.0567673453139985,2.0567673453139985,96.3041440321745,7.382274192291817e-13
Soil_f:Treatment_f,2,0.7707367754132033,0.38536838770660164,18.044127742351726,1.6404633213000483e-6
Residuals,46,0.9824218763923076,0.021356997312876252,NA,NA
