term,df,sumsq,meansq,statistic,p.value
Soil_f,1,0.08651494921360632,0.08651494921360632,3.546055993643142,0.06601924021954947
Soil_f:Treatment_f,2,0.07741179524787653,0.038705897623938265,1.5864689456133683,0.2156396061479249
Residuals,46,1.1222856240736472,0.024397513566818418,NA,NA
