term,df,sumsq,meansq,statistic,p.value
Soil_f,1,8.103276748076972,8.103276748076972,60.11974361967266,6.839602817891194e-10
Soil_f:Treatment_f,2,2.462143794872787,1.2310718974363934,9.133555369292306,4.567602338996235e-4
Residuals,46,6.200138389970903,0.1347856171732805,NA,NA
