term,df,sumsq,meansq,statistic,p.value
Soil_f,1,0.2339961079608995,0.2339961079608995,104.9372063965637,1.880901984777986e-13
Soil_f:Treatment_f,2,0.04848023534636628,0.02424011767318314,10.870651881837532,1.3608130255949414e-4
Residuals,46,0.10257392335683382,0.002229867899061605,NA,NA
