term,df,sumsq,meansq,statistic,p.value
Soil_f,1,0.0029651325945284266,0.0029651325945284266,4.428237435844027,0.040843309245265455
Soil_f:Treatment_f,2,0.004069594565372827,0.0020347972826864134,3.038840663710256,0.05760264349539801
Residuals,46,0.030801442181997714,6.695965691738634e-4,NA,NA
