term,df,sumsq,meansq,statistic,p.value
Soil_f,1,3.1953802335223482,3.1953802335223482,55.55791309784901,1.9098227058888443e-9
Soil_f:Treatment_f,2,0.8309463220828361,0.41547316104141807,7.223810654353005,0.001869425543109423
Residuals,46,2.6456625626515624,0.05751440353590353,NA,NA
