term,df,sumsq,meansq,statistic,p.value
Soil_f,1,89.512199999999993,89.512199999999993,12.660621568089864,8.795272712653963e-4
Soil_f:Treatment_f,2,54.3857666666667,27.19288333333335,3.846166279328981,0.028539600224409684
Residuals,46,325.22583333333336,7.0701268115942035,NA,NA
