term,df,sumsq,meansq,statistic,p.value
Soil_f,1,11.008486163892433,11.008486163892433,94.25017939743864,1.0347831631716153e-12
Soil_f:Treatment_f,2,2.2756989744833107,1.1378494872416554,9.74180434105122,2.9674282266223007e-4
Residuals,46,5.372831826703278,0.11680069188485387,NA,NA
