term,df,sumsq,meansq,statistic,p.value
Soil_f,1,0.3541435383625286,0.3541435383625286,46.09986682872178,1.885102972700773e-8
Soil_f:Treatment_f,2,0.3572847080194895,0.17864235400974476,23.25438088718769,1.0500842994117127e-7
Residuals,46,0.3533763519361561,0.007682094607307741,NA,NA
