term,df,sumsq,meansq,statistic,p.value
Soil_f,1,0.6997290623013904,0.6997290623013904,102.85613887037911,2.595995465792958e-13
Soil_f:Treatment_f,2,0.2234692819946431,0.11173464099732155,16.424348180213673,4.14148630634117e-6
Residuals,46,0.3129374407727592,0.00680298784288607,NA,NA
