term,df,sumsq,meansq,statistic,p.value
Soil_f,1,3.9148449530150673,3.9148449530150673,94.74442120172452,9.53588332215576e-13
Soil_f:Treatment_f,2,0.8886907537667381,0.44434537688336906,10.753745308368773,1.4734484286068288e-4
Residuals,46,1.900722655271393,0.04132005772329115,NA,NA
