term,df,sumsq,meansq,statistic,p.value
Soil_f,1,65.53794805180176,65.53794805180176,2.7210669408636106,0.10584510334537202
Soil_f:Treatment_f,2,36.47255534605019,18.236277673025096,0.75715114335371,0.4747554213109358
Residuals,46,1107.927763594843,24.085386165105284,NA,NA
