term,df,sumsq,meansq,statistic,p.value
Soil_f,1,0.1775854426866951,0.1775854426866951,15.221131133624104,3.0976468361509934e-4
Soil_f:Treatment_f,2,0.7994855320294685,0.39974276601473424,34.26258914680594,7.739406676061121e-10
Residuals,46,0.5366835284364952,0.01166703322688033,NA,NA
