term,df,sumsq,meansq,statistic,p.value
Soil_f,1,0.15104349383736573,0.15104349383736573,88.69750238793642,2.6455048297712565e-12
Soil_f:Treatment_f,2,0.03494934558860231,0.017474672794301156,10.261678888134268,2.0654961916737402e-4
Residuals,46,0.0783336681356634,0.001702905829036161,NA,NA
