term,df,sumsq,meansq,statistic,p.value
Soil_f,1,2.419999999999998,2.419999999999998,2.056403940886698,0.15833072809307194
Soil_f:Treatment_f,2,6.426666666666669,3.2133333333333347,2.7305418719211834,0.07575560744895209
Residuals,46,54.13333333333333,1.1768115942028985,NA,NA
