term,df,sumsq,meansq,statistic,p.value
Soil_f,1,2.6112492141095065,2.6112492141095065,81.44173905085965,9.58782911917893e-12
Soil_f:Treatment_f,2,0.6207035266259125,0.3103517633129563,9.679500212057498,3.100315495842036e-4
Residuals,46,1.4748882483222148,0.03206278800700467,NA,NA
