term,df,sumsq,meansq,statistic,p.value
Soil_f,1,17.99999999999995,17.99999999999995,0.5628568838937714,0.4569318406369316
Soil_f:Treatment_f,2,351.25333333333356,175.62666666666678,5.491815462702802,0.007264026226843349
Residuals,46,1471.0666666666673,31.979710144927548,NA,NA
