term,df,sumsq,meansq,statistic,p.value
Soil_f,1,0.16975295598095214,0.16975295598095214,28.885483560152053,2.477032552639566e-6
Soil_f:Treatment_f,2,0.31542900717124756,0.15771450358562378,26.83699776651468,1.8881964229841168e-8
Residuals,46,0.27033080332073534,0.005876756593929029,NA,NA
