term,df,sumsq,meansq,statistic,p.value
Soil_f,1,14.7334679432134,14.7334679432134,42.740520005011916,4.5102701287448834e-8
Soil_f:Treatment_f,2,3.466588551492542,1.733294275746271,5.028137228291191,0.010594313483076372
Residuals,46,15.857072522944083,0.34471896789008877,NA,NA
