statistic,p.value,df,df.residual
1.7837520938023452,0.16348105664227988,3,46
