statistic,p.value,df,df.residual
1.661588802525869,0.18837239676865666,3,46
