statistic,p.value,df,df.residual
1.6341392918429967,0.19446013608345317,3,46
