statistic,p.value,df,df.residual
3.1182637634112247,0.03501644458332216,3,46
