statistic,p.value,df,df.residual
2.2781530697340773,0.09206455050542535,3,46
