statistic,p.value,df,df.residual
1.3309739514348773,0.27584825740516633,3,46
