statistic,p.value,df,df.residual
1.2112485816681016,0.31627750166366964,3,46
