statistic,p.value,df,df.residual
1.4999244383384358,0.22711375616407578,3,46
