statistic,p.value,df,df.residual
2.2665899268302687,0.09330757055756139,3,46
