statistic,p.value,df,df.residual
0.982142969916752,0.4094553732686772,3,46
