statistic,p.value,df,df.residual
4.695197536638798,0.0060821296982008595,3,46
