statistic,p.value,df,df.residual
4.611032303966702,0.006661311706572804,3,46
