statistic,p.value,df,df.residual
3.2054625737912543,0.03170973528569215,3,46
