statistic,p.value,df,df.residual
1.4499808263498588,0.2405805126527451,3,46
