statistic,p.value,df,df.residual
3.7919551022901317,0.01638512724802443,3,46
