statistic,p.value,df,df.residual
3.094986604890908,0.03595754818736995,3,46
