statistic,p.value,df,df.residual
1.2703352372809567,0.29567049414355484,3,46
