statistic,p.value,df,df.residual
2.717444211234795,0.055412103487884425,3,46
