statistic,p.value,df,df.residual
1.8417603301855388,0.1528308145165717,3,46
