term,contrast,null.value,estimate,conf.low,conf.high,adj.p.value
Soil_f,Red-Black,0,0.13681991315913034,0.10993517496956412,0.16370465134869655,0
Soil_f:Treatment_f,Red:Inside-Black:Inside,0,0.08914437702394333,0.04318363691375043,0.13510511713413623,2.8779693902913905e-5
Soil_f:Treatment_f,Black:Outside-Black:Inside,0,-0.08169701496959061,-0.13308268456088687,-0.030311345378294358,6.033903988085232e-4
Soil_f:Treatment_f,Red:Outside-Black:Inside,0,0.1266362023923202,0.07525053280102395,0.17802187198361646,2.3940915161446696e-7
Soil_f:Treatment_f,Black:Outside-Red:Inside,0,-0.17084139199353393,-0.2222270615848302,-0.11945572240223767,9.726797145503951e-11
Soil_f:Treatment_f,Red:Outside-Red:Inside,0,0.03749182536837689,-0.013893844222919366,0.08887749495967315,0.22401414955364762
Soil_f:Treatment_f,Red:Outside-Black:Outside,0,0.20833321736191085,0.15204303662659038,0.2646233980972313,3.08486569622346e-12
