term,contrast,null.value,estimate,conf.low,conf.high,adj.p.value
Soil_f,Red-Black,0,-0.11919243019141618,-0.18068837257463605,-0.057696487808196306,3.097646831334844e-4
Soil_f:Treatment_f,Red:Inside-Black:Inside,0,-0.06278744270547765,-0.16791768447229055,0.04234279906133527,0.3931892481502899
Soil_f:Treatment_f,Black:Outside-Black:Inside,0,-0.17779331306972213,-0.29533249661051275,-0.06025412952893147,0.0011455754978579868
Soil_f:Treatment_f,Red:Outside-Black:Inside,0,-0.38159322449004607,-0.4991324080308367,-0.26405404094925544,1.949720385141518e-10
Soil_f:Treatment_f,Black:Outside-Red:Inside,0,-0.11500587036424448,-0.23254505390503513,0.002533313176546176,0.05721128982024282
Soil_f:Treatment_f,Red:Outside-Red:Inside,0,-0.3188057817845684,-0.43634496532535905,-0.20126659824377777,2.4504894335919403e-8
Soil_f:Treatment_f,Red:Outside-Black:Outside,0,-0.20379991142032397,-0.33255763585238596,-0.07504218698826201,6.401790219638936e-4
