term,contrast,null.value,estimate,conf.low,conf.high,adj.p.value
Soil_f,Red-Black,0,0.8051472783572939,0.5961271935573209,1.014167363157267,6.832883148177871e-10
Soil_f:Treatment_f,Red:Inside-Black:Inside,0,0.47807010873297884,0.1207403208226639,0.8353998966432938,0.004608400546952329
Soil_f:Treatment_f,Black:Outside-Black:Inside,0,-0.6038418980230398,-1.0033487460995631,-0.20433504994651636,0.0011565492965954771
Soil_f:Treatment_f,Red:Outside-Black:Inside,0,0.6919211347707268,0.2924142866942034,1.0914279828472502,1.7956499068250142e-4
Soil_f:Treatment_f,Black:Outside-Red:Inside,0,-1.0819120067560186,-1.481418854832542,-0.6824051586794952,2.5471016185107942e-8
Soil_f:Treatment_f,Red:Outside-Red:Inside,0,0.21385102603774797,-0.18565582203877545,0.6133578741142713,0.4894897652886969
Soil_f:Treatment_f,Red:Outside-Black:Outside,0,1.2957630327937666,0.858125207655164,1.7334008579323692,2.541304500169872e-9
