term,contrast,null.value,estimate,conf.low,conf.high,adj.p.value
Soil_f,Red-Black,0,0.08319372534685865,-0.005734377608131572,0.17212182830184886,0.06601924021808325
Soil_f:Treatment_f,Red:Inside-Black:Inside,0,0.0465132617385966,-0.10551356476749141,0.1985400882446846,0.8468251727401448
Soil_f:Treatment_f,Black:Outside-Black:Inside,0,-0.11179530860894626,-0.28176646784453613,0.0581758506266436,0.30879825294815855
Soil_f:Treatment_f,Red:Outside-Black:Inside,0,0.02641911215030568,-0.14355204708528418,0.19639027138589554,0.9757484852995939
Soil_f:Treatment_f,Black:Outside-Red:Inside,0,-0.15830857034754287,-0.32827972958313273,0.011662588888046999,0.07613124160446916
Soil_f:Treatment_f,Red:Outside-Red:Inside,0,-0.02009414958829092,-0.19006530882388079,0.14987700964729894,0.9890209179658604
Soil_f:Treatment_f,Red:Outside-Black:Outside,0,0.13821442075925194,-0.04797965531801826,0.3244084968365222,0.21089041996804014
