term,contrast,null.value,estimate,conf.low,conf.high,adj.p.value
Soil_f,Red-Black,0,2.676,1.1621604559728473,4.189839544027153,8.795272707146085e-4
Soil_f:Treatment_f,Red:Inside-Black:Inside,0,1.0666666666666664,-1.5213141186015835,3.6546474519349164,0.6921563789138906
Soil_f:Treatment_f,Black:Outside-Black:Inside,0,-1.315,-4.208450480161547,1.5784504801615467,0.622879222821352
Soil_f:Treatment_f,Red:Outside-Black:Inside,0,3.7750000000000012,0.8815495198384546,6.668450480161548,0.005941784638159198
Soil_f:Treatment_f,Black:Outside-Red:Inside,0,-2.3816666666666664,-5.275117146828213,0.5117838134948802,0.14012402437039606
Soil_f:Treatment_f,Red:Outside-Red:Inside,0,2.708333333333335,-0.1851171468282118,5.601783813494881,0.074057124214569
Soil_f:Treatment_f,Red:Outside-Black:Outside,0,5.090000000000002,1.920383805982735,8.25961619401727,5.274928178526928e-4
