term,contrast,null.value,estimate,conf.low,conf.high,adj.p.value
Soil_f,Red-Black,0,0.405637014614199,0.32243452141412843,0.48883950781426955,6.650235917504688e-14
Soil_f:Treatment_f,Red:Inside-Black:Inside,0,0.20702453871529036,0.06478591472256645,0.3492631627080143,0.0018234685847389187
Soil_f:Treatment_f,Black:Outside-Black:Inside,0,-0.2991798268702664,-0.458207443007148,-0.1401522107333848,4.838776923166144e-5
Soil_f:Treatment_f,Red:Outside-Black:Inside,0,0.4043759015922954,0.24534828545541382,0.563403517729177,1.1635488106342962e-7
Soil_f:Treatment_f,Black:Outside-Red:Inside,0,-0.5062043655855568,-0.6652319817224384,-0.3471767494486752,3.4336056220496403e-10
Soil_f:Treatment_f,Red:Outside-Red:Inside,0,0.19735136287700505,0.038323746740123454,0.35637897901388665,0.009567438069210121
Soil_f:Treatment_f,Red:Outside-Black:Outside,0,0.7035557284625618,0.5293497032136765,0.877761753711447,0
