term,contrast,null.value,estimate,conf.low,conf.high,adj.p.value
Soil_f,Red-Black,0,2.2897676397713695,-0.5043394719613978,5.083874751504137,0.10584510334391428
Soil_f:Treatment_f,Red:Inside-Black:Inside,0,0.9026786082190235,-3.873980546759471,5.679337763197518,0.9577901444325199
Soil_f:Treatment_f,Black:Outside-Black:Inside,0,-1.9158080980159298,-7.256275385955238,3.4246591899233785,0.7746900963199166
Soil_f:Treatment_f,Red:Outside-Black:Inside,0,2.4545930890839607,-2.8858741988553476,7.795060377023269,0.6143392264321414
Soil_f:Treatment_f,Black:Outside-Red:Inside,0,-2.8184867062349532,-8.158953994174261,2.521980581704355,0.5016870369944804
Soil_f:Treatment_f,Red:Outside-Red:Inside,0,1.5519144808649372,-3.788552807074371,6.8923817688042455,0.8655247750732538
Soil_f:Treatment_f,Red:Outside-Black:Outside,0,4.3704011870998904,-1.4797876153457024,10.220589989545484,0.20613474261134224
