term,contrast,null.value,estimate,conf.low,conf.high,adj.p.value
Soil_f,Red-Black,0,0.11653427169067548,0.07288921163169279,0.16017933174965818,2.477031822545328e-6
Soil_f:Treatment_f,Red:Inside-Black:Inside,0,0.019665805174581164,-0.05494750325046287,0.0942791135996252,0.895556516489174
Soil_f:Treatment_f,Black:Outside-Black:Inside,0,-0.2289003880283561,-0.31232060286063423,-0.14548017319607798,1.8342985685926294e-8
Soil_f:Treatment_f,Red:Outside-Black:Inside,0,0.032936583436460776,-0.05048363139581734,0.11635679826873889,0.7197237572497936
Soil_f:Treatment_f,Black:Outside-Red:Inside,0,-0.24856619320293727,-0.3319864080352154,-0.16514597837065914,2.141856469961567e-9
Soil_f:Treatment_f,Red:Outside-Red:Inside,0,0.013270778261879612,-0.0701494365703985,0.09669099309415773,0.974082323082957
Soil_f:Treatment_f,Red:Outside-Black:Outside,0,0.2618369714648169,0.17045470463368537,0.35321923829594837,6.053926471238924e-9
