term,contrast,null.value,estimate,conf.low,conf.high,adj.p.value
Soil_f,Red-Black,0,-1.0856691187728758,-1.4199402216051495,-0.751398015940602,4.51020356617704e-8
Soil_f:Treatment_f,Red:Inside-Black:Inside,0,-0.686532083412533,-1.2579844507479945,-0.11507971607707168,0.012769454181085327
Soil_f:Treatment_f,Black:Outside-Black:Inside,0,0.698821072800643,0.05991790316800705,1.337724242433279,0.027088524592666308
Soil_f:Treatment_f,Red:Outside-Black:Inside,0,-0.9855535990127471,-1.624456768645383,-0.34665042938011115,8.950246966877851e-4
Soil_f:Treatment_f,Black:Outside-Red:Inside,0,1.385353156213176,0.7464499865805401,2.024256325845812,3.62998955394378e-6
Soil_f:Treatment_f,Red:Outside-Red:Inside,0,-0.29902151560021406,-0.93792468523285,0.3398816540324219,0.6003761938762986
Soil_f:Treatment_f,Red:Outside-Black:Outside,0,-1.68437467181339,-2.384258027952079,-0.9844913156747014,4.075075512588455e-7
