term,contrast,null.value,estimate,conf.low,conf.high,adj.p.value
Soil_f,Red-Black,0,0.1099248812007057,0.08643063260084104,0.13341912980057036,1.9753088054130785e-12
Soil_f:Treatment_f,Red:Inside-Black:Inside,0,0.06725543761252183,0.027090900901440472,0.10741997432360317,2.9450283025744817e-4
Soil_f:Treatment_f,Black:Outside-Black:Inside,0,-0.04511301259698099,-0.09001832978236286,-2.0769541159912364e-4,0.04856007233507442
Soil_f:Treatment_f,Red:Outside-Black:Inside,0,0.1288160339860005,0.08391071680061862,0.17372135117138238,5.8735112329344474e-9
Soil_f:Treatment_f,Black:Outside-Red:Inside,0,-0.11236845020950281,-0.1572737673948847,-0.06746313302412094,1.6886368547908148e-7
Soil_f:Treatment_f,Red:Outside-Red:Inside,0,0.06156059637347866,0.01665527918809679,0.10646591355886054,0.0035675908237975396
Soil_f:Treatment_f,Red:Outside-Black:Outside,0,0.17392904658298147,0.12473773623426537,0.22312035693169757,1.481703648664734e-11
