term,contrast,null.value,estimate,conf.low,conf.high,adj.p.value
Soil_f,Red-Black,0,0.10293455230917536,0.07672320209991204,0.1291459025184387,4.079794280187343e-10
Soil_f:Treatment_f,Red:Inside-Black:Inside,0,0.0588673236155593,0.014057772322523657,0.10367687490859494,0.005546358893157466
Soil_f:Treatment_f,Black:Outside-Black:Inside,0,-0.11211608059541839,-0.16221468196166405,-0.06201747922917274,1.920735251625949e-6
Soil_f:Treatment_f,Red:Outside-Black:Inside,0,0.056919314754181105,0.006820713387935454,0.10701791612042676,0.02026499014793215
Soil_f:Treatment_f,Black:Outside-Red:Inside,0,-0.17098340421097769,-0.22108200557722335,-0.12088480284473203,4.4422243661301763e-11
Soil_f:Treatment_f,Red:Outside-Red:Inside,0,-0.001948008861378192,-0.052046610227623843,0.04815059250486746,0.9995953748966913
Soil_f:Treatment_f,Red:Outside-Black:Outside,0,0.1690353953495995,0.11415512721409574,0.22391566348510325,8.654119643125568e-10
