term,contrast,null.value,estimate,conf.low,conf.high,adj.p.value
Soil_f,Red-Black,0,0.2365973900619177,0.18963868727222868,0.28355609285160677,0
Soil_f:Treatment_f,Red:Inside-Black:Inside,0,0.13215373420440188,0.051875595744928546,0.2124318726638752,3.749484211528209e-4
Soil_f:Treatment_f,Black:Outside-Black:Inside,0,-0.09083122070779985,-0.18058490805906116,-0.0010775333565385403,0.046337460642545625
Soil_f:Treatment_f,Red:Outside-Black:Inside,0,0.30243165314039155,0.21267796578913023,0.3921853404916529,6.52929932343227e-11
Soil_f:Treatment_f,Black:Outside-Red:Inside,0,-0.22298495491220172,-0.31273864226346304,-0.1332312675609404,1.9917508775613157e-7
Soil_f:Treatment_f,Red:Outside-Red:Inside,0,0.1702779189359897,0.08052423158472839,0.260031606287251,4.202246266349352e-5
Soil_f:Treatment_f,Red:Outside-Black:Outside,0,0.3932628738481914,0.2949426354850876,0.49158311221129525,0
