term,contrast,null.value,estimate,conf.low,conf.high,adj.p.value
Soil_f,Red-Black,0,0.45705572650253545,0.35511050223821095,0.55900095076686,8.916645199974482e-12
Soil_f:Treatment_f,Red:Inside-Black:Inside,0,0.2931565785776744,0.11887636335481047,0.4674367938005384,2.7593435489592366e-4
Soil_f:Treatment_f,Black:Outside-Black:Inside,0,-0.10612189856457332,-0.300973102750382,0.0887293056212354,0.47447204769785933
Soil_f:Treatment_f,Red:Outside-Black:Inside,0,0.5967825498252537,0.401931345639445,0.7916337540110624,1.011432715358751e-9
Soil_f:Treatment_f,Black:Outside-Red:Inside,0,-0.39927847714224773,-0.5941296813280564,-0.204427272956439,1.073123319128566e-5
Soil_f:Treatment_f,Red:Outside-Red:Inside,0,0.3036259712475793,0.10877476706177056,0.498477175433388,7.858663911903818e-4
Soil_f:Treatment_f,Red:Outside-Black:Outside,0,0.702904448389827,0.4894556486106021,0.916353248169052,1.2881673505660274e-10
