term,contrast,null.value,estimate,conf.low,conf.high,adj.p.value
Soil_f,Red-Black,0,0.5596316612212049,0.44390146124004126,0.6753618612023685,2.824407374646398e-13
Soil_f:Treatment_f,Red:Inside-Black:Inside,0,0.3495863460456028,0.15174005843328012,0.5474326336579255,1.3243580372990227e-4
Soil_f:Treatment_f,Black:Outside-Black:Inside,0,-0.190991488192639,-0.41219036229120304,0.030207385905925033,0.11254531360079867
Soil_f:Treatment_f,Red:Outside-Black:Inside,0,0.6837081457919688,0.4625092716934048,0.9049070198905329,7.849663141712426e-10
Soil_f:Treatment_f,Black:Outside-Red:Inside,0,-0.5405778342382418,-0.7617767083368059,-0.31937896013967776,2.893331880748917e-7
Soil_f:Treatment_f,Red:Outside-Red:Inside,0,0.334121799746366,0.11292292564780199,0.5553206738449301,0.0011657316276550977
Soil_f:Treatment_f,Red:Outside-Black:Outside,0,0.8746996339846078,0.6323884079075504,1.1170108600616653,7.509992627774409e-12
