term,contrast,null.value,estimate,conf.low,conf.high,adj.p.value
Soil_f,Red-Black,0,0.1683195861122594,0.1184189514234984,0.21822022080102038,1.8850367156098002e-8
Soil_f:Treatment_f,Red:Inside-Black:Inside,0,0.11313989514016981,0.02783238401276368,0.19844740626757595,0.0050394862858439415
Soil_f:Treatment_f,Black:Outside-Black:Inside,0,-0.22713980688713037,-0.32251650382323027,-0.13176310995103044,5.136247995807253e-7
Soil_f:Treatment_f,Red:Outside-Black:Inside,0,0.02394931568326336,-0.07142738125283657,0.11932601261936329,0.908109428202529
Soil_f:Treatment_f,Black:Outside-Red:Inside,0,-0.3402797020273002,-0.43565639896340014,-0.24490300509120025,1.1079248629641825e-11
Soil_f:Treatment_f,Red:Outside-Red:Inside,0,-0.08919057945690645,-0.18456727639300638,0.006186117479193481,0.07444783929320697
Soil_f:Treatment_f,Red:Outside-Black:Outside,0,0.25108912257039373,0.14660918582592214,0.3555690593148653,4.2054827775750425e-7
