term,contrast,null.value,estimate,conf.low,conf.high,adj.p.value
Soil_f,Red-Black,0,0.5055990691069236,0.36906074941172096,0.6421373888021263,1.9091532799109245e-9
Soil_f:Treatment_f,Red:Inside-Black:Inside,0,0.32233450176881173,0.08891574268158048,0.5557532608560429,0.0032982983153062584
Soil_f:Treatment_f,Black:Outside-Black:Inside,0,-0.35857030537711,-0.619540411648458,-0.09760019910576206,0.003482421434805816
Soil_f:Treatment_f,Red:Outside-Black:Inside,0,0.4219256147369814,0.1609555084656335,0.6828957210083293,4.812191761440765e-4
Soil_f:Treatment_f,Black:Outside-Red:Inside,0,-0.6809048071459217,-0.9418749134172697,-0.4199347008745738,6.321292267408296e-8
Soil_f:Treatment_f,Red:Outside-Red:Inside,0,0.09959111296816969,-0.16137899330317823,0.3605612192395176,0.7402656355336505
Soil_f:Treatment_f,Red:Outside-Black:Outside,0,0.7804959201140914,0.49461749203541605,1.0663743481927668,2.0810235090706897e-8
