term,contrast,null.value,estimate,conf.low,conf.high,adj.p.value
Soil_f,Red-Black,0,0.015401643015025224,6.692650032659939e-4,0.030134021026784454,0.04084330924385993
Soil_f:Treatment_f,Red:Inside-Black:Inside,0,0.005680163453524734,-0.01950553827171537,0.030865865178764836,0.9311775239105101
Soil_f:Treatment_f,Black:Outside-Black:Inside,0,0.0016852541231752172,-0.026473216436160085,0.02984372468251052,0.9985331714500048
Soil_f:Treatment_f,Red:Outside-Black:Inside,0,0.03166911648045123,0.00351064592111593,0.05982758703978654,0.021938836050445998
Soil_f:Treatment_f,Black:Outside-Red:Inside,0,-0.0039949093303495165,-0.03215337988968482,0.024163561228985785,0.9813494892984842
Soil_f:Treatment_f,Red:Outside-Red:Inside,0,0.025988953026926498,-0.002169517532408804,0.0541474235862618,0.08002833586190727
Soil_f:Treatment_f,Red:Outside-Black:Outside,0,0.029983862357276014,-8.621966631100972e-4,0.060829921377662126,0.0595185013616748
