term,contrast,null.value,estimate,conf.low,conf.high,adj.p.value
Soil_f,Red-Black,0,0.4399999999999995,-0.17761767059514244,1.0576176705951414,0.1583307280916939
Soil_f:Treatment_f,Red:Inside-Black:Inside,0,-0.06666666666666687,-1.1225134837542337,0.9891801504208999,0.9982795729404177
Soil_f:Treatment_f,Black:Outside-Black:Inside,0,-0.26666666666666616,-1.4471392950839592,0.9138059617506269,0.930872332153174
Soil_f:Treatment_f,Red:Outside-Black:Inside,0,0.9333333333333331,-0.24713929508395993,2.113805961750626,0.1659773897206508
Soil_f:Treatment_f,Black:Outside-Red:Inside,0,-0.1999999999999993,-1.3804726284172923,0.9804726284172938,0.9689872429757945
Soil_f:Treatment_f,Red:Outside-Red:Inside,0,1,-0.18047262841729306,2.1804726284172933,0.12313194513178372
Soil_f:Treatment_f,Red:Outside-Black:Outside,0,1.1999999999999993,-0.09314297420313156,2.4931429742031304,0.07768911909374554
