term,contrast,null.value,estimate,conf.low,conf.high,adj.p.value
Soil_f,Red-Black,0,1.2000000000000028,-2.0196117624305283,4.419611762430534,0.4569318406360804
Soil_f:Treatment_f,Red:Inside-Black:Inside,0,1.4666666666666686,-4.037412950006635,6.970746283339972,0.8925172535405806
Soil_f:Treatment_f,Black:Outside-Black:Inside,0,-5.06666666666667,-11.220414754892916,1.087081421559576,0.13995797060191195
Soil_f:Treatment_f,Red:Outside-Black:Inside,0,-4.266666666666666,-10.420414754892912,1.8870814215595804,0.2645821228778579
Soil_f:Treatment_f,Black:Outside-Red:Inside,0,-6.5333333333333385,-12.687081421559585,-0.37958524510709246,0.03356938847009627
Soil_f:Treatment_f,Red:Outside-Red:Inside,0,-5.733333333333334,-11.88708142155958,0.4204147548929118,0.07599711413447185
Soil_f:Treatment_f,Red:Outside-Black:Outside,0,0.8000000000000043,-5.941093282251608,7.541093282251617,0.9888972497118108
