term,df,sumsq,meansq,statistic,p.value
SoilTreatment,3,2.827504120727201,0.9425013735757336,44.13079983895933,1.3817436473880941e-13
Residuals,46,0.9824218763923072,0.02135699731287624,NA,NA
