term,df,sumsq,meansq,statistic,p.value
SoilTreatment,3,0.16392674446148284,0.054642248153827615,2.23966462828996,0.09626808552879242
Residuals,46,1.122285624073647,0.02439751356681841,NA,NA
