term,df,sumsq,meansq,statistic,p.value
SoilTreatment,3,0.18599283942596803,0.061997613141989344,36.406953388068324,3.3061132316602626e-12
Residuals,46,0.07833366813566339,0.0017029058290361607,NA,NA
