term,df,sumsq,meansq,statistic,p.value
SoilTreatment,3,0.9231983442960338,0.30773278143201127,45.23494507693549,9.077164645376954e-14
Residuals,46,0.31293744077275926,0.006802987842886071,NA,NA
