term,df,sumsq,meansq,statistic,p.value
SoilTreatment,3,0.20788688733824362,0.06929562911274788,32.69335900084092,1.8051424777987283e-11
Residuals,46,0.09749989100552232,0.0021195628479461375,NA,NA
