term,df,sumsq,meansq,statistic,p.value
SoilTreatment,3,57.60383097506483,19.201276991688278,13.266148608432552,2.275137113727194e-6
Residuals,46,66.579892000925,1.4473889565418478,NA,NA
