term,df,sumsq,meansq,statistic,p.value
SoilTreatment,3,143.89796666666672,47.96598888888891,6.784318042249279,6.974634043750756e-4
Residuals,46,325.2258333333333,7.070126811594202,NA,NA
