term,df,sumsq,meansq,statistic,p.value
SoilTreatment,3,18.200056494705937,6.066685498235312,17.598931487198094,9.46802577375385e-8
Residuals,46,15.857072522944085,0.3447189678900888,NA,NA
