term,df,sumsq,meansq,statistic,p.value
SoilTreatment,3,12065.120000000012,4021.7066666666706,3.0587113076785317,0.037476142808682625
Residuals,46,60482.500000000015,1314.8369565217395,NA,NA
