term,df,sumsq,meansq,statistic,p.value
SoilTreatment,3,0.9770709747161639,0.32569032490538796,27.915436475745334,1.9605062522692752e-10
Residuals,46,0.5366835284364952,0.01166703322688033,NA,NA
