term,df,sumsq,meansq,statistic,p.value
SoilTreatment,3,13.284185138375749,4.428061712791917,37.91126269318039,1.7197470433471929e-12
Residuals,46,5.372831826703276,0.11680069188485383,NA,NA
