term,df,sumsq,meansq,statistic,p.value
SoilTreatment,3,3.23195274073542,1.07731758024514,33.60024649165823,1.1787459140880701e-11
Residuals,46,1.4748882483222145,0.03206278800700466,NA,NA
