term,df,sumsq,meansq,statistic,p.value
SoilTreatment,3,0.48518196315219947,0.16172732105073315,27.519826364393797,2.41615270328937e-10
Residuals,46,0.2703308033207353,0.005876756593929028,NA,NA
