term,df,sumsq,meansq,statistic,p.value
SoilTreatment,3,8.84666666666667,2.94888888888889,2.505829228243022,0.07072974214548348
Residuals,46,54.133333333333326,1.1768115942028985,NA,NA
