term,df,sumsq,meansq,statistic,p.value
SoilTreatment,3,0.7114282463820181,0.23714274879400601,30.869542867699057,4.359248014668674e-11
Residuals,46,0.353376351936156,0.007682094607307739,NA,NA
