term,df,sumsq,meansq,statistic,p.value
SoilTreatment,3,0.2824763433072658,0.09415878110242193,42.22617005341293,2.905564473217748e-13
Residuals,46,0.10257392335683381,0.0022298678990616046,NA,NA
