term,df,sumsq,meansq,statistic,p.value
SoilTreatment,3,102.01050339785192,34.00350113261731,1.4117897425236765,0.2513965865906493
Residuals,46,1107.927763594843,24.085386165105284,NA,NA
