term,df,sumsq,meansq,statistic,p.value
SoilTreatment,3,4.026326555605185,1.342108851868395,23.335178135518348,2.4938832791204537e-9
Residuals,46,2.645662562651562,0.05751440353590352,NA,NA
