term,df,sumsq,meansq,statistic,p.value
SoilTreatment,3,369.25333333333367,123.08444444444456,3.84882926976646,0.015379328145625914
Residuals,46,1471.0666666666673,31.979710144927548,NA,NA
