term,df,sumsq,meansq,statistic,p.value
SoilTreatment,3,4.8035357067818065,1.6011785689272688,38.75063727282071,1.2036666441096783e-12
Residuals,46,1.9007226552713923,0.041320057723291136,NA,NA
