term,df,sumsq,meansq,statistic,p.value
SoilTreatment,3,0.007034727159901257,0.0023449090533004193,3.5019729210881834,0.02267513389754373
Residuals,46,0.030801442181997703,6.695965691738632e-4,NA,NA
