term,df,sumsq,meansq,statistic,p.value
SoilTreatment,3,10.565420542949763,3.521806847649921,26.128951452752446,5.115263481126574e-10
Residuals,46,6.200138389970901,0.13478561717328044,NA,NA
