statistic,p.value,df,df.residual
1.211248581668101,0.3162775016636699,3,46
