statistic,p.value,df,df.residual
1.0516697435635827,0.3788234781333161,3,46
