statistic,p.value,df,df.residual
2.717444211234796,0.055412103487884376,3,46
