statistic,p.value,df,df.residual
4.611032303966704,0.006661311706572793,3,46
