statistic,p.value,df,df.residual
0.6617404018917374,0.579820178544912,3,46
