statistic,p.value,df,df.residual
4.695197536638802,0.006082129698200827,3,46
