statistic,p.value,df,df.residual
1.2703352372809564,0.2956704941435549,3,46
