statistic,p.value,df,df.residual
1.449980826349859,0.2405805126527451,3,46
