statistic,p.value,df,df.residual
3.791955102290133,0.0163851272480244,3,46
