statistic,p.value,df,df.residual
1.7837520938023463,0.16348105664227977,3,46
