statistic,p.value,df,df.residual
2.26658992683027,0.09330757055756123,3,46
