statistic,p.value,df,df.residual
2.16659570557078,0.10478870985418084,3,46
