statistic,p.value,df,df.residual
2.2781530697340777,0.0920645505054252,3,46
