statistic,p.value,df,df.residual
3.094986604890907,0.035957548187369986,3,46
