statistic,p.value,df,df.residual
1.4999244383384356,0.2271137561640759,3,46
