statistic,p.value,df,df.residual
1.84176033018554,0.15283081451657157,3,46
