statistic,p.value,df,df.residual
3.205462573791251,0.031709735285692264,3,46
