statistic,p.value,df,df.residual
1.3309739514348784,0.2758482574051659,3,46
