statistic,p.value,df,df.residual
1.6615888025258703,0.18837239676865639,3,46
