statistic,p.value,df,df.residual
0.9821429699167535,0.4094553732686771,3,46
