term,contrast,null.value,estimate,conf.low,conf.high,adj.p.value
SoilTreatment,BlackOutside-BlackInside,0,-1.314999999999999,-4.208450480161545,1.578450480161547,0.6228792228213523
SoilTreatment,RedInside-BlackInside,0,1.0666666666666682,-1.5213141186015817,3.654647451934918,0.6921563789138894
SoilTreatment,RedOutside-BlackInside,0,3.775000000000002,0.881549519838456,6.668450480161548,0.005941784638159198
SoilTreatment,RedInside-BlackOutside,0,2.3816666666666673,-0.5117838134948789,5.275117146828213,0.14012402437039584
SoilTreatment,RedOutside-BlackOutside,0,5.090000000000002,1.9203838059827354,8.259616194017267,5.274928178526928e-4
SoilTreatment,RedOutside-RedInside,0,2.708333333333334,-0.18511714682821223,5.60178381349488,0.074057124214569
