term,contrast,null.value,estimate,conf.low,conf.high,adj.p.value
SoilTreatment,BlackOutside-BlackInside,0,-0.35857030537711,-0.619540411648458,-0.09760019910576206,0.003482421434805816
SoilTreatment,RedInside-BlackInside,0,0.32233450176881184,0.08891574268158062,0.555753260856043,0.0032982983153062584
SoilTreatment,RedOutside-BlackInside,0,0.42192561473698176,0.16095550846563383,0.6828957210083297,4.812191761441875e-4
SoilTreatment,RedInside-BlackOutside,0,0.6809048071459218,0.4199347008745739,0.9418749134172697,6.321292267408296e-8
SoilTreatment,RedOutside-BlackOutside,0,0.7804959201140917,0.49461749203541644,1.066374348192767,2.0810235090706897e-8
SoilTreatment,RedOutside-RedInside,0,0.09959111296816991,-0.161378993303178,0.36056121923951784,0.7402656355336494
