term,contrast,null.value,estimate,conf.low,conf.high,adj.p.value
SoilTreatment,BlackOutside-BlackInside,0,-0.22713980688713034,-0.32251650382323027,-0.1317631099510304,5.136247995807253e-7
SoilTreatment,RedInside-BlackInside,0,0.11313989514016976,0.027832384012763625,0.1984474062675759,0.0050394862858439415
SoilTreatment,RedOutside-BlackInside,0,0.02394931568326336,-0.07142738125283656,0.11932601261936328,0.908109428202529
SoilTreatment,RedInside-BlackOutside,0,0.34027970202730007,0.24490300509120017,0.43565639896339997,1.1079248629641825e-11
SoilTreatment,RedOutside-BlackOutside,0,0.25108912257039373,0.14660918582592214,0.3555690593148653,4.2054827775750425e-7
SoilTreatment,RedOutside-RedInside,0,-0.0891905794569064,-0.1845672763930063,0.006186117479193523,0.07444783929320709
