term,contrast,null.value,estimate,conf.low,conf.high,adj.p.value
SoilTreatment,BlackOutside-BlackInside,0,-1.9158080980159298,-7.256275385955238,3.4246591899233785,0.7746900963199166
SoilTreatment,RedInside-BlackInside,0,0.9026786082190235,-3.873980546759471,5.679337763197518,0.9577901444325199
SoilTreatment,RedOutside-BlackInside,0,2.454593089083957,-2.885874198855351,7.795060377023265,0.6143392264321426
SoilTreatment,RedInside-BlackOutside,0,2.8184867062349532,-2.521980581704355,8.158953994174261,0.5016870369944804
SoilTreatment,RedOutside-BlackOutside,0,4.370401187099887,-1.479787615345706,10.22058998954548,0.20613474261134268
SoilTreatment,RedOutside-RedInside,0,1.5519144808649337,-3.7885528070743746,6.892381768804242,0.8655247750732545
