term,contrast,null.value,estimate,conf.low,conf.high,adj.p.value
SoilTreatment,BlackOutside-BlackInside,0,-0.6038418980230396,-1.003348746099563,-0.2043350499465162,0.0011565492965954771
SoilTreatment,RedInside-BlackInside,0,0.47807010873297906,0.12074032082266417,0.835399896643294,0.004608400546952107
SoilTreatment,RedOutside-BlackInside,0,0.6919211347707273,0.2924142866942039,1.0914279828472506,1.7956499068272347e-4
SoilTreatment,RedInside-BlackOutside,0,1.0819120067560186,0.6824051586794952,1.481418854832542,2.5471016185107942e-8
SoilTreatment,RedOutside-BlackOutside,0,1.2957630327937668,0.8581252076551644,1.7334008579323692,2.541304500169872e-9
SoilTreatment,RedOutside-RedInside,0,0.2138510260377482,-0.18565582203877518,0.6133578741142716,0.4894897652886959
