term,contrast,null.value,estimate,conf.low,conf.high,adj.p.value
SoilTreatment,BlackOutside-BlackInside,0,0.0016852541231752172,-0.026473216436160078,0.029843724682510512,0.9985331714500048
SoilTreatment,RedInside-BlackInside,0,0.005680163453524623,-0.019505538271715476,0.03086586517876472,0.9311775239105138
SoilTreatment,RedOutside-BlackInside,0,0.03166911648045123,0.0035106459211159367,0.05982758703978652,0.021938836050445665
SoilTreatment,RedInside-BlackOutside,0,0.003994909330349405,-0.02416356122898589,0.0321533798896847,0.9813494892984855
SoilTreatment,RedOutside-BlackOutside,0,0.029983862357276014,-8.621966631100902e-4,0.06082992137766212,0.05951850136167469
SoilTreatment,RedOutside-RedInside,0,0.02598895302692661,-0.002169517532408686,0.0541474235862619,0.08002833586190516
