term,contrast,null.value,estimate,conf.low,conf.high,adj.p.value
SoilTreatment,BlackOutside-BlackInside,0,-0.190991488192639,-0.412190362291203,0.030207385905925005,0.11254531360079867
SoilTreatment,RedInside-BlackInside,0,0.3495863460456029,0.15174005843328026,0.5474326336579256,1.3243580372990227e-4
SoilTreatment,RedOutside-BlackInside,0,0.6837081457919691,0.46250927169340517,0.9049070198905331,7.849663141712426e-10
SoilTreatment,RedInside-BlackOutside,0,0.5405778342382419,0.3193789601396779,0.7617767083368059,2.893331880748917e-7
SoilTreatment,RedOutside-BlackOutside,0,0.8746996339846081,0.6323884079075507,1.1170108600616657,7.509992627774409e-12
SoilTreatment,RedOutside-RedInside,0,0.33412179974636624,0.11292292564780224,0.5553206738449302,0.0011657316276550977
