term,contrast,null.value,estimate,conf.low,conf.high,adj.p.value
SoilTreatment,BlackOutside-BlackInside,0,-0.04511301259698097,-0.09001832978236284,-2.0769541159910976e-4,0.04856007233507453
SoilTreatment,RedInside-BlackInside,0,0.06725543761252184,0.027090900901440486,0.1074199743236032,2.9450283025744817e-4
SoilTreatment,RedOutside-BlackInside,0,0.1288160339860005,0.08391071680061864,0.17372135117138238,5.8735112329344474e-9
SoilTreatment,RedInside-BlackOutside,0,0.11236845020950281,0.06746313302412095,0.1572737673948847,1.6886368547908148e-7
SoilTreatment,RedOutside-BlackOutside,0,0.17392904658298147,0.12473773623426539,0.22312035693169757,1.481703648664734e-11
SoilTreatment,RedOutside-RedInside,0,0.06156059637347866,0.016655279188096797,0.10646591355886052,0.0035675908237974285
