term,contrast,null.value,estimate,conf.low,conf.high,adj.p.value
SoilTreatment,BlackOutside-BlackInside,0,-0.11179530860894582,-0.28176646784453563,0.058175850626644016,0.3087982529481619
SoilTreatment,RedInside-BlackInside,0,0.0465132617385966,-0.10551356476749138,0.19854008824468458,0.8468251727401447
SoilTreatment,RedOutside-BlackInside,0,0.026419112150305235,-0.1435520470852846,0.19639027138589507,0.975748485299595
SoilTreatment,RedInside-BlackOutside,0,0.15830857034754242,-0.011662588888047415,0.32827972958313223,0.07613124160447027
SoilTreatment,RedOutside-BlackOutside,0,0.13821442075925106,-0.04797965531801909,0.3244084968365212,0.2108904199680447
SoilTreatment,RedOutside-RedInside,0,-0.020094149588291366,-0.1900653088238812,0.14987700964729847,0.9890209179658598
