term,contrast,null.value,estimate,conf.low,conf.high,adj.p.value
SoilTreatment,BlackOutside-BlackInside,0,0.6988210728006425,0.05991790316800649,1.3377242424332785,0.02708852459266653
SoilTreatment,RedInside-BlackInside,0,-0.686532083412533,-1.2579844507479945,-0.11507971607707168,0.012769454181085327
SoilTreatment,RedOutside-BlackInside,0,-0.9855535990127469,-1.6244567686453828,-0.3466504293801108,8.950246966878961e-4
SoilTreatment,RedInside-BlackOutside,0,-1.3853531562131756,-2.0242563258458115,-0.7464499865805395,3.62998955394378e-6
SoilTreatment,RedOutside-BlackOutside,0,-1.6843746718133894,-2.384258027952078,-0.9844913156747007,4.075075512588455e-7
SoilTreatment,RedOutside-RedInside,0,-0.29902151560021384,-0.9379246852328499,0.3398816540324222,0.6003761938762993
