term,contrast,null.value,estimate,conf.low,conf.high,adj.p.value
SoilTreatment,BlackOutside-BlackInside,0,-0.0816970149695906,-0.13308268456088684,-0.030311345378294344,6.033903988085232e-4
SoilTreatment,RedInside-BlackInside,0,0.08914437702394334,0.04318363691375045,0.13510511713413625,2.8779693902913905e-5
SoilTreatment,RedOutside-BlackInside,0,0.1266362023923202,0.07525053280102395,0.17802187198361646,2.3940915161446696e-7
SoilTreatment,RedInside-BlackOutside,0,0.17084139199353393,0.11945572240223767,0.2222270615848302,9.726797145503951e-11
SoilTreatment,RedOutside-BlackOutside,0,0.2083332173619108,0.15204303662659036,0.26462339809723123,3.08486569622346e-12
SoilTreatment,RedOutside-RedInside,0,0.03749182536837686,-0.013893844222919394,0.08887749495967312,0.22401414955364785
