term,contrast,null.value,estimate,conf.low,conf.high,adj.p.value
SoilTreatment,BlackOutside-BlackInside,0,-0.26666666666666616,-1.4471392950839592,0.9138059617506269,0.930872332153174
SoilTreatment,RedInside-BlackInside,0,-0.06666666666666643,-1.1225134837542332,0.9891801504209004,0.9982795729404177
SoilTreatment,RedOutside-BlackInside,0,0.933333333333334,-0.24713929508395904,2.113805961750627,0.16597738972065001
SoilTreatment,RedInside-BlackOutside,0,0.19999999999999973,-0.9804726284172933,1.3804726284172928,0.9689872429757943
SoilTreatment,RedOutside-BlackOutside,0,1.2000000000000002,-0.09314297420313067,2.4931429742031312,0.0776891190937451
SoilTreatment,RedOutside-RedInside,0,1.0000000000000004,-0.1804726284172926,2.1804726284172933,0.12313194513178338
