term,contrast,null.value,estimate,conf.low,conf.high,adj.p.value
SoilTreatment,BlackOutside-BlackInside,0,-0.29917982687026634,-0.4582074430071479,-0.14015221073338477,4.838776923166144e-5
SoilTreatment,RedInside-BlackInside,0,0.20702453871529036,0.06478591472256648,0.3492631627080143,0.0018234685847389187
SoilTreatment,RedOutside-BlackInside,0,0.4043759015922954,0.24534828545541384,0.563403517729177,1.1635488106342962e-7
SoilTreatment,RedInside-BlackOutside,0,0.5062043655855567,0.34717674944867516,0.6652319817224382,3.4336056220496403e-10
SoilTreatment,RedOutside-BlackOutside,0,0.7035557284625618,0.5293497032136766,0.8777617537114469,0
SoilTreatment,RedOutside-RedInside,0,0.19735136287700505,0.03832374674012348,0.3563789790138866,0.009567438069210121
