term,contrast,null.value,estimate,conf.low,conf.high,adj.p.value
SoilTreatment,BlackOutside-BlackInside,0,-0.09083122070779981,-0.18058490805906113,-0.0010775333565384848,0.046337460642545514
SoilTreatment,RedInside-BlackInside,0,0.132153734204402,0.05187559574492864,0.21243187266387534,3.749484211527099e-4
SoilTreatment,RedOutside-BlackInside,0,0.30243165314039167,0.21267796578913034,0.392185340491653,6.52929932343227e-11
SoilTreatment,RedInside-BlackOutside,0,0.2229849549122018,0.13323126756094048,0.31273864226346315,1.9917508775613157e-7
SoilTreatment,RedOutside-BlackOutside,0,0.3932628738481915,0.2949426354850876,0.49158311221129536,0
SoilTreatment,RedOutside-RedInside,0,0.1702779189359897,0.08052423158472838,0.260031606287251,4.202246266349352e-5
