term,contrast,null.value,estimate,conf.low,conf.high,adj.p.value
SoilTreatment,BlackOutside-BlackInside,0,-0.11211608059541837,-0.16221468196166403,-0.06201747922917273,1.920735251625949e-6
SoilTreatment,RedInside-BlackInside,0,0.058867323615559325,0.014057772322523684,0.10367687490859497,0.005546358893157355
SoilTreatment,RedOutside-BlackInside,0,0.05691931475418113,0.006820713387935488,0.10701791612042677,0.02026499014793215
SoilTreatment,RedInside-BlackOutside,0,0.17098340421097769,0.12088480284473205,0.22108200557722332,4.4422243661301763e-11
SoilTreatment,RedOutside-BlackOutside,0,0.1690353953495995,0.11415512721409574,0.22391566348510325,8.654119643125568e-10
SoilTreatment,RedOutside-RedInside,0,-0.001948008861378192,-0.05204661022762384,0.04815059250486745,0.9995953748966913
