term,contrast,null.value,estimate,conf.low,conf.high,adj.p.value
SoilTreatment,BlackOutside-BlackInside,0,-0.40619828155904303,-0.7780974095073174,-0.03429915361076863,0.027374545050179444
SoilTreatment,RedInside-BlackInside,0,0.5908014262398573,0.25816473389376393,0.9234381185859507,1.2226262937931054e-4
SoilTreatment,RedOutside-BlackInside,0,1.053711912697407,0.6818127847491326,1.4256110406456814,8.102252202490945e-9
SoilTreatment,RedInside-BlackOutside,0,0.9969997077989003,0.625100579850626,1.3688988357471747,3.271513582259189e-8
SoilTreatment,RedOutside-BlackOutside,0,1.45991019425645,1.0525151112689104,1.8673052772439898,9.586664795335764e-12
SoilTreatment,RedOutside-RedInside,0,0.46291048645754973,0.09101135850927533,0.8348096144058241,0.009307789101230313
