term,contrast,null.value,estimate,conf.low,conf.high,adj.p.value
SoilTreatment,BlackOutside-BlackInside,0,-0.22890038802835588,-0.312320602860634,-0.14548017319607778,1.8342985685926294e-8
SoilTreatment,RedInside-BlackInside,0,0.019665805174581275,-0.054947503250462756,0.0942791135996253,0.8955565164891724
SoilTreatment,RedOutside-BlackInside,0,0.03293658343646089,-0.05048363139581721,0.11635679826873899,0.7197237572497914
SoilTreatment,RedInside-BlackOutside,0,0.24856619320293716,0.16514597837065906,0.3319864080352153,2.141856469961567e-9
SoilTreatment,RedOutside-BlackOutside,0,0.26183697146481677,0.17045470463368526,0.35321923829594826,6.053926471238924e-9
SoilTreatment,RedOutside-RedInside,0,0.013270778261879612,-0.07014943657039849,0.09669099309415771,0.9740823230829568
